Product Name,Category,Price Range,Review Count,Rating,BSR,Affiliate Potential,Amazon URL
Apple MacBook Air 13 M4,Laptops,$1000-1500,8500,4.8,#1,9,https://www.amazon.com/dp/B0DZD96R5S?tag=hotproducts-20
MacBook Air M4 (Early 2025),Laptops,$950-1200,7200,4.7,#2,9,https://www.amazon.com/dp/B0DZD96R5S?tag=hotproducts-20
Dell XPS 15 Laptop,Laptops,$1400-2000,6800,4.6,#3,8,https://www.amazon.com/dp/B0G51WJDMZ?tag=hotproducts-20
ASUS ROG Strix G16 Gaming Laptop,Gaming Laptops,$1800-2200,5200,4.7,#1,8,https://www.amazon.com/dp/B0F6Y8ZMBM?tag=hotproducts-20
Razer Blade 14 Gaming Laptop,Gaming Laptops,$1600-1900,4100,4.6,#2,8,https://www.amazon.com/dp/B0CX56R3VS?tag=hotproducts-20
Samsung Galaxy Book5 Pro 360,Laptops,$1200-1600,3500,4.5,#4,7,https://www.amazon.com/dp/B0DGLSB5NC?tag=hotproducts-20
Microsoft Surface Pro 11th Edition,Laptops,$1000-1400,4200,4.6,#5,7,https://www.amazon.com/dp/B0CXKXNNPX?tag=hotproducts-20
ASUS ROG Zephyrus G14 Gaming,Gaming Laptops,$1400-1800,3800,4.6,#3,7,https://www.amazon.com/dp/B0CX4JRWXR?tag=hotproducts-20
Lenovo ThinkPad X1 Carbon Gen 12,Laptops,$950-1300,5100,4.7,#6,7,https://www.amazon.com/dp/B0D2RYV5ZG?tag=hotproducts-20
Apple AirPods Max,Headphones,$549,6200,4.8,#1,9,https://www.amazon.com/dp/B0DGJBQSJY?tag=hotproducts-20
Beats Studio3 Wireless,Headphones,$349-399,4500,4.5,#2,7,https://www.amazon.com/dp/B0CBLLJTTN?tag=hotproducts-20
Apple AirPods Pro 2nd Gen,Headphones,$249,9800,4.7,#1,8,https://www.amazon.com/dp/B0C1QQYP53?tag=hotproducts-20
Sony WH-1000XM5 Headphones,Audio,$380-450,7600,4.6,#3,8,https://www.amazon.com/dp/B09XS7JWHH?tag=hotproducts-20
Bose QuietComfort Ultra Headphones,Headphones,$429,3200,4.5,#4,7,https://www.amazon.com/dp/B0GBWYX9VW?tag=hotproducts-20
Sonos Era 300,Speakers,$449,2800,4.7,#1,8,https://www.amazon.com/dp/B0BW2LV57K?tag=hotproducts-20
Bose SoundLink Max Speaker,Speakers,$399,4100,4.6,#2,7,https://www.amazon.com/dp/B0CVL1K7DX?tag=hotproducts-20
JBL Boombox 4,Speakers,$249,3500,4.5,#3,7,https://www.amazon.com/dp/B0F1H9CTPQ?tag=hotproducts-20
Sony ULT Field 7 Speaker,Speakers,$199-249,2900,4.6,#4,7,https://www.amazon.com/dp/B0D1R2SJRY?tag=hotproducts-20
Samsung HW-Q930D Soundbar,Audio,$1299,2200,4.7,#1,8,https://www.amazon.com/dp/B0CX5C1BGM?tag=hotproducts-20
Samsung HW-Q800D Soundbar,Audio,$799,3100,4.6,#2,7,https://www.amazon.com/dp/B0CX59RKQL?tag=hotproducts-20
Sonos Beam Gen 2,Speakers,$449,4200,4.7,#3,7,https://www.amazon.com/dp/B09GZDS6TF?tag=hotproducts-20
Alienware 27" AW2725DM Monitor,Monitors,$499-599,1800,4.7,#1,8,https://www.amazon.com/dp/B0CZSGWLD5?tag=hotproducts-20
Dell SE2726HG Monitor,Monitors,$349,2600,4.5,#2,7,https://www.amazon.com/dp/B0DD2ZB3DZ?tag=hotproducts-20
SANSUI 27-inch 240Hz Monitor,Monitors,$299-349,1900,4.6,#3,7,https://www.amazon.com/dp/B0DYG9DKX8?tag=hotproducts-20
LG UltraWide Gaming Monitor 34",Monitors,$699,2100,4.6,#4,8,https://www.amazon.com/dp/B09N3G9T16?tag=hotproducts-20
ASUS PA247CV Professional Monitor,Monitors,$249,3400,4.7,#5,7,https://www.amazon.com/dp/B08LCPY2DH?tag=hotproducts-20
Gaming PC - RTX 5090 System,Gaming Desktops,$4500-5500,890,4.8,#1,9,https://www.amazon.com/dp/B0DVMWCLR9?tag=hotproducts-20
Gaming PC - RTX 5080 System,Gaming Desktops,$2400-2900,1200,4.7,#2,8,https://www.amazon.com/dp/B0FC92QYNT?tag=hotproducts-20
Gaming PC - RTX 5070 Ti System,Gaming Desktops,$1700-2000,1800,4.6,#3,7,https://www.amazon.com/dp/B0FDMDJQSW?tag=hotproducts-20
Razer Viper V3 Pro Mouse,Gaming Peripherals,$139,2800,4.7,#1,8,https://www.amazon.com/dp/B0CW25XR5R?tag=hotproducts-20
Logitech G502 HERO Mouse,Gaming Peripherals,$49-79,8900,4.6,#2,8,https://www.amazon.com/dp/B07GBZ4Q68?tag=hotproducts-20
Logitech G Pro X Mouse,Gaming Peripherals,$69-99,6200,4.7,#3,7,https://www.amazon.com/dp/B0BYJ7N7LX?tag=hotproducts-20
SteelSeries Rival 650,Gaming Peripherals,$79,3100,4.5,#4,7,https://www.amazon.com/dp/B0F6BDV5Q8?tag=hotproducts-20
Razer DeathAdder V3 Mouse,Gaming Peripherals,$59-79,4500,4.6,#5,7,https://www.amazon.com/dp/B0CSP61VR4?tag=hotproducts-20
SteelSeries Arctis Nova Pro Headset,Gaming Headsets,$249-349,2200,4.7,#1,8,https://www.amazon.com/dp/B0FH5XX7GP?tag=hotproducts-20
HyperX Cloud III Headset,Gaming Headsets,$99-129,3800,4.6,#2,7,https://www.amazon.com/dp/B0CYSWTLZY?tag=hotproducts-20
Razer BlackShark V2 X Headset,Gaming Headsets,$99,2900,4.5,#3,7,https://www.amazon.com/dp/B0DWD3GVJL?tag=hotproducts-20
Logitech G435 Wireless Headset,Gaming Headsets,$99-129,2100,4.6,#4,7,https://www.amazon.com/dp/B0GC529BMZ?tag=hotproducts-20
HOROW Black Smart Toilet,Smart Home,$999-1499,1200,4.8,#1,9,https://www.amazon.com/dp/B0DFWF728F?tag=hotproducts-20
3D Face Recognition Smart Lock,Smart Home,$299-399,850,4.7,#1,8,https://www.amazon.com/dp/B0DRXJB8Y6?tag=hotproducts-20
Moen Smart Shower,Smart Home,$399-499,620,4.6,#1,7,https://www.amazon.com/dp/B081HT5LD6?tag=hotproducts-20
Amazon Echo Show 10 4th Gen,Smart Displays,$249-299,2100,4.6,#1,7,https://www.amazon.com/dp/B0DC96PPZK?tag=hotproducts-20
Google Nest Hub Max 2nd Gen,Smart Displays,$249-299,1800,4.5,#2,7,https://www.amazon.com/dp/B07L6KVGXV?tag=hotproducts-20
Apple HomePod mini 2nd Gen,Speakers,$99,3200,4.7,#3,8,https://www.amazon.com/dp/B0FK8JL74Q?tag=hotproducts-20
Ring Video Doorbell Pro 2,Security,$249,3800,4.6,#1,8,https://www.amazon.com/dp/B07GG3XXNX?tag=hotproducts-20
Arlo Ultra 2 Floodlight,Security,$399,1900,4.7,#2,8,https://www.amazon.com/dp/B0C683F516?tag=hotproducts-20
Nest Learning Thermostat,Smart Home,$249-299,4100,4.7,#1,7,https://www.amazon.com/dp/B0D5BBYRJM?tag=hotproducts-20
Ecobee Smart Thermostat Premium,Smart Home,$299-349,2600,4.6,#2,7,https://www.amazon.com/dp/B09XXTQPXC?tag=hotproducts-20
iRobot Roomba j7+,Smart Home,$799,2100,4.6,#1,7,https://www.amazon.com/dp/B0F3C98LMB?tag=hotproducts-20
Amazon Echo Studio 2025,Speakers,$199-249,1800,4.7,#4,7,https://www.amazon.com/dp/B0DMQ1QMVV?tag=hotproducts-20
Aqara Camera Hub G5 Pro,Security,$299-349,920,4.7,#3,8,https://www.amazon.com/dp/B07D37VDM3?tag=hotproducts-20
SwitchBot Curtain 3,Smart Home,$199-249,1400,4.6,#1,7,https://www.amazon.com/dp/B0F9W85LWF?tag=hotproducts-20
Dreo 44 in Smart Ceiling Fan,Smart Home,$299-349,1100,4.5,#1,7,https://www.amazon.com/dp/B0D65VQMZR?tag=hotproducts-20
Canon EOS R5 Camera,Photography,$3299-3799,2800,4.7,#1,9,https://www.amazon.com/dp/B0BR8JMCYG?tag=hotproducts-20
Sony A7R V Camera,Photography,$3198,2400,4.8,#2,8,https://www.amazon.com/dp/B0FSZWB9M5?tag=hotproducts-20
Nikon Z9 Camera,Photography,$5496,1800,4.7,#3,9,https://www.amazon.com/dp/B0D96TXTM9?tag=hotproducts-20
DJI Air 3S Drone,Drones,$999-1099,3200,4.8,#1,9,https://www.amazon.com/dp/B0DF7CJL6D?tag=hotproducts-20
DJI Mini 4 Pro Drone,Drones,$459-559,4100,4.7,#2,8,https://www.amazon.com/dp/B0F6XN1J7K?tag=hotproducts-20
Anker Nebula Mars 3 Projector,Smart Home,$599-699,1600,4.6,#1,8,https://www.amazon.com/dp/B0C1S95YZQ?tag=hotproducts-20
Breville Espresso Machine,Kitchen,$799-999,1200,4.6,#1,7,https://www.amazon.com/dp/B00CH9QWOU?tag=hotproducts-20
Instant Pot Pro Max,Kitchen,$199-249,2100,4.7,#2,7,https://www.amazon.com/dp/B0D365PHCD?tag=hotproducts-20
Ninja AF400 Air Fryer,Kitchen,$199-249,3800,4.6,#3,8,https://www.amazon.com/dp/B0D5NKX2HF?tag=hotproducts-20
Dyson V15 Detect Vacuum,Home,$749-849,1900,4.7,#1,8,https://www.amazon.com/dp/B0G318V8TR?tag=hotproducts-20
Shark Stratos Vacuum,Home,$499-599,2100,4.6,#2,7,https://www.amazon.com/dp/B0F1N21NKM?tag=hotproducts-20
Nuwave OxyPure Air Purifier,Smart Home,$399-499,980,4.7,#1,7,https://www.amazon.com/dp/B09VY5LQ9G?tag=hotproducts-20
GoveeLife Smart Purifier,Smart Home,$299-349,750,4.5,#2,6,https://www.amazon.com/dp/B0C3QQMMRJ?tag=hotproducts-20
NuWave Precision Induction Cooktop,Kitchen,$149-199,1800,4.5,#1,7,https://www.amazon.com/dp/B0C7HL4GHP?tag=hotproducts-20
Smeg Retro Toaster,Kitchen,$249-299,950,4.6,#2,6,https://www.amazon.com/dp/B0D983BKZY?tag=hotproducts-20
Herman Miller Aeron Chair,Furniture,$1295-1395,2100,4.8,#1,9,https://www.amazon.com/dp/B08KL9BSCN?tag=hotproducts-20
Autonomous Standing Desk,Furniture,$399-599,1800,4.6,#1,8,https://www.amazon.com/dp/B0DFW9D66S?tag=hotproducts-20
Flexispot Standing Desk Pro,Furniture,$349-449,2200,4.7,#2,8,https://www.amazon.com/dp/B0DT93JWJP?tag=hotproducts-20
Fitbit Sense 2,Fitness,$299-349,1200,4.5,#1,7,https://www.amazon.com/dp/B0B4N2T7GL?tag=hotproducts-20
Peloton Bike+,Fitness,$2495,850,4.6,#1,8,https://www.amazon.com/dp/B0FLQNCDJK?tag=hotproducts-20
Theragun Pro Massage,Fitness,$349,3100,4.7,#1,7,https://www.amazon.com/dp/B0CNS894RH?tag=hotproducts-20
GoPro Hero 12 Black,Photography,$399-449,1600,4.7,#1,8,https://www.amazon.com/dp/B0CHZ5WBTH?tag=hotproducts-20
Canon PowerShot G7 X Mark III,Photography,$749,2200,4.6,#2,7,https://www.amazon.com/dp/B0FGZ241X5?tag=hotproducts-20
Rode Wireless GO II Microphone,Photography,$299-349,2000,4.7,#3,7,https://www.amazon.com/dp/B0FRMBRH3J?tag=hotproducts-20
BenQ SW240 Monitor,Photography,$699,1200,4.8,#1,8,https://www.amazon.com/dp/B0FNNH6Y4G?tag=hotproducts-20
DJI Inspire 3 Drone,Drones,$2015-2199,950,4.8,#2,9,https://www.amazon.com/dp/B0C9DQXGZ3?tag=hotproducts-20
Zhiyun Crane 4S Stabilizer,Photography,$599-699,1100,4.6,#1,7,https://www.amazon.com/dp/B07Y47P31Y?tag=hotproducts-20
Elinchrom ELB 500 TTL,Photography,$4995,420,4.8,#1,9,https://www.amazon.com/dp/B07B31387F?tag=hotproducts-20
Profoto B10 Plus Head,Photography,$4995,380,4.7,#2,9,https://www.amazon.com/dp/B0CH8ZT8Y1?tag=hotproducts-20
Sony FE 24-70mm f/2.8 GM,Photography,$1998,1800,4.8,#1,9,https://www.amazon.com/dp/B0CRSTJ3SJ?tag=hotproducts-20
Canon RF 70-200mm f/2.8,Photography,$2999,1200,4.7,#2,8,https://www.amazon.com/dp/B0FKD5HXDJ?tag=hotproducts-20
Leica M11 Camera,Photography,$8195,680,4.9,#1,10,https://www.amazon.com/dp/B09QF1H3VF?tag=hotproducts-20
Hasselblad 907X-100C,Photography,$31000,150,4.8,#1,10,https://www.amazon.com/dp/B0DPFDJCD9?tag=hotproducts-20
Zeiss Otus 85mm f/1.4,Photography,$949,800,4.9,#1,9,https://www.amazon.com/dp/B0F59K7M9N?tag=hotproducts-20
Dell XPS 17 Laptop,Laptops,700-2100,#5,1100,4.5,7,https://www.amazon.com/dp/B0G51WJDMZ?tag=hotproducts-20
Samsung 65" QLED Frame TV,Smart Home,TV,999,#4,1400,4.6,8,https://www.amazon.com/dp/B09CV6NMK1?tag=hotproducts-20
Breville Espresso Machine,Kitchen,99-499,#12,2100,4.7,8,https://www.amazon.com/dp/B00CH9QWOU?tag=hotproducts-20
Peloton Bike+,Fitness,495,850,4.6,9,https://www.amazon.com/dp/B0FLQNCDJK?tag=hotproducts-20
iRobot Roomba i7+,Smart Home,Robotics,99,2100,4.5,7,https://www.amazon.com/dp/B0F3BXY5M1?tag=hotproducts-20
Canon EOS R6 II Camera,Photography,999,2100,4.6,9,https://www.amazon.com/dp/B0BR8JMCYG?tag=hotproducts-20
Dell XPS 17 Laptop,Laptops,700-2100,5000,4.5,#4,7,https://www.amazon.com/dp/B0G51WJDMZ?tag=hotproducts-20
Samsung Neo QLED TV 55",Smart Home,TV,99,3200,4.6,#3,8,https://www.amazon.com/dp/B0DYWG3BL1?tag=hotproducts-20
Breville Oracle Touch,Kitchen,999-2499,1200,4.7,#1,9,https://www.amazon.com/dp/B073TYYM91?tag=hotproducts-20
Peloton Bike+,Fitness,495,850,4.6,#2,8,https://www.amazon.com/dp/B0FLQNCDJK?tag=hotproducts-20
iRobot Roomba i7+,Smart Home,Robotics,99,2100,4.5,#2,7,https://www.amazon.com/dp/B0F3BXY5M1?tag=hotproducts-20
GoPro Hero11 Black,Photography,99-499,1600,4.7,#1,7,https://www.amazon.com/dp/B0BDGJ24QQ?tag=hotproducts-20
Canon EOS R5 Mark II,Photography,799,1800,4.7,#2,9,https://www.amazon.com/dp/B0D9KNWMZH?tag=hotproducts-20
Sony A1 Camera,Photography,499,1400,4.8,#3,9,https://www.amazon.com/dp/B08V226T8Q?tag=hotproducts-20
DJI Mavic 3 Pro Drone,Drones,999,1100,4.6,#2,9,https://www.amazon.com/dp/B0DHG4G5L2?tag=hotproducts-20
Nikon Z9 II,Photography,999,1200,4.7,#1,9,https://www.amazon.com/dp/B09KHC4XCT?tag=hotproducts-20
Leica Q3,Photography,000,1100,4.8,#2,10,https://www.amazon.com/dp/B0C8J2KSP8?tag=hotproducts-20
Sony WH-1000XM5 Pro,Headphones,99-499,3100,4.6,#3,8,https://www.amazon.com/dp/B09XS7JWHH?tag=hotproducts-20
Bose Headphones 700,Headphones,79,1900,4.5,#2,7,https://www.amazon.com/dp/B0FLPYQ693?tag=hotproducts-20
Beats Fit Pro,Headphones,99-249,1800,4.5,#4,7,https://www.amazon.com/dp/B09JL41N9C?tag=hotproducts-20
Apple iPad Pro 12.9 (2024),Tablets,099,2100,4.8,#1,8,https://www.amazon.com/dp/B0D3J98W75?tag=hotproducts-20
Samsung Galaxy Tab S9 Ultra,Tablets,199,1700,4.6,#2,7,https://www.amazon.com/dp/B0CKRYL4X4?tag=hotproducts-20
Microsoft Surface Laptop 5,Computers,300-1500,1800,4.4,#4,7,https://www.amazon.com/dp/B0CXKXNNPX?tag=hotproducts-20
ASUS ZenBook Duo 14,?,,100,1200,4.5,#5,7,https://www.amazon.com/dp/B0FCV1259W?tag=hotproducts-20
Lenovo Yoga 9i,Tablets,999-1299,1200,4.5,#3,7,https://www.amazon.com/dp/B0G6T4VVDC?tag=hotproducts-20
Dell UltraSharp 32 Monitor,Monitors,99,1400,4.4,#2,7,https://www.amazon.com/dp/B0CZ1RTYQY?tag=hotproducts-20
LG 38WK95C-W Monitor,Monitors,399,1200,4.6,#3,8,https://www.amazon.com/dp/B09N3G9T16?tag=hotproducts-20
Samsung Odyssey G9 Monitor,Monitors,799,1000,4.6,#2,8,https://www.amazon.com/dp/B0DCSBKM9G?tag=hotproducts-20
Apple Studio Display,Monitors,599,900,4.6,#1,8,https://www.amazon.com/dp/B0DZDDQBTW?tag=hotproducts-20
Sony A7S III,Photography,499,1300,4.7,#2,9,https://www.amazon.com/dp/B0CS6LM24Z?tag=hotproducts-20
Canon RF 100-500mm,Photography,499,1100,4.6,#3,7,https://www.amazon.com/dp/B09R9QBX2W?tag=hotproducts-20
DJI RS 3 Pro Gimbal,Photography,99,1400,4.7,#2,8,https://www.amazon.com/dp/B0BLD1KBHQ?tag=hotproducts-20
Zhiyun WEEBill 3,Photography,99,1100,4.5,#4,7,https://www.amazon.com/dp/B07Y47P31Y?tag=hotproducts-20
Roku Ultra 2023,Streaming,TV device,9,1500,4.4,#4,6,https://www.amazon.com/dp/B0DF44RTTP?tag=hotproducts-20
Nest Thermostat Thermo,Smart Home,299-399,2100,4.5,#1,7,https://www.amazon.com/dp/B0D5BBYRJM?tag=hotproducts-20
Arlo Ultra 2 Plus,Security,99,1000,4.4,#3,7,https://www.amazon.com/dp/B0FLL5V2K7?tag=hotproducts-20
Ring Floodlight Cam,Security,99,1300,4.3,#4,6,https://www.amazon.com/dp/B0F67KWWQH?tag=hotproducts-20
EufyCam 3,Security,99,1200,4.6,#3,7,https://www.amazon.com/dp/B0DT43P9D5?tag=hotproducts-20
Wyze Cam v4,Security,9-49,5000,4.4,#5,6,https://www.amazon.com/dp/B0B9TWY11Q?tag=hotproducts-20
AOC 27" Monitor,Monitors,99,1200,4.5,#6,6,https://www.amazon.com/dp/B0CZ1RTYQY?tag=hotproducts-20
Anker 4K USB-C Monitor,Monitors,99,1100,4.4,#6,6,https://www.amazon.com/dp/B0D9R7Q449?tag=hotproducts-20
Herman Miller Mirra Chair,Furniture,99-1399,1700,4.7,#1,9,https://www.amazon.com/dp/B0FXFB9XS7?tag=hotproducts-20
Autonomous Desk Pro,Furniture,99-699,1700,4.6,#2,8,https://www.amazon.com/dp/B0DFW9D66S?tag=hotproducts-20
IKEA Bekant Standing Desk, Furniture,99-399,1400,4.3,#7,6,https://www.amazon.com/dp/B0C3WND2QB?tag=hotproducts-20
Theragun Pro 2, Fitness,85,1500,4.7,#1,7,https://www.amazon.com/dp/B0CNS894RH?tag=hotproducts-20
Peloton Tread, Fitness,495,800,4.5,#1,8,https://www.amazon.com/dp/B0FLQQ6Q4P?tag=hotproducts-20
Thermador Pro Stovetop,Kitchen,999,900,4.4,#2,8,https://www.amazon.com/dp/B0DYJY27NS?tag=hotproducts-20
Ninja Foodi Grill,Kitchen,99-299,2600,4.6,#3,7,https://www.amazon.com/dp/B0CTSDF3HS?tag=hotproducts-20
Vitamix 7500,Kitchen,99-599,2600,4.7,#2,8,https://www.amazon.com/dp/B0BWSJVTCJ?tag=hotproducts-20
Keurig K-Duo,Kitchen,79-199,4200,4.4,#4,6,https://www.amazon.com/dp/B0DPZPTXZW?tag=hotproducts-20
Braun Series 9 Shaver,Personal Care,99,1100,4.4,#5,6,https://www.amazon.com/dp/B0CFCQLXCN?tag=hotproducts-20
Cuisinart Chef's Knife Set,Kitchen,99-399,1800,4.5,#4,7,https://www.amazon.com/dp/B09SZ1LC36?tag=hotproducts-20
